1986,12,9,F,5368
1986,12,9,M,5595
1986,12,10,F,5176
1986,12,10,M,5443
1986,12,11,F,5124
1986,12,11,M,5279
1986,12,12,F,5245
1986,12,12,M,5433
1986,12,13,F,4187
1986,12,13,M,4315
1986,12,14,F,3970
1986,12,14,M,4110
1986,12,15,F,5249
1986,12,15,M,5617
1986,12,16,F,5575
1986,12,16,M,5814
1986,12,17,F,5534
1986,12,17,M,5683
1986,12,18,F,5435
1986,12,18,M,5752
1986,12,19,F,5686
1986,12,19,M,5942
1986,12,20,F,4337
1986,12,20,M,4351
1986,12,21,F,3971
1986,12,21,M,4175
1986,12,22,F,5152
1986,12,22,M,5437
1986,12,23,F,5174
1986,12,23,M,5359
1986,12,24,F,4457
1986,12,24,M,4640
1986,12,25,F,3861
1986,12,25,M,4246
1986,12,26,F,5112
1986,12,26,M,5305
1986,12,27,F,4371
1986,12,27,M,4450
1986,12,28,F,4072
1986,12,28,M,4214
1986,12,29,F,5532
1986,12,29,M,5766
1986,12,30,F,5900
1986,12,30,M,6337
1986,12,31,F,5490
1986,12,31,M,5898
1987,1,1,F,4105
1987,1,1,M,4238
1987,1,2,F,4660
1987,1,2,M,4870
1987,1,3,F,4349
1987,1,3,M,4429
1987,1,4,F,4107
1987,1,4,M,4152
1987,1,5,F,4949
1987,1,5,M,5153
1987,1,6,F,5366
1987,1,6,M,5650
1987,1,7,F,5098
1987,1,7,M,5436
1987,1,8,F,5060
1987,1,8,M,5402
1987,1,9,F,5056
1987,1,9,M,5414
1987,1,10,F,4168
1987,1,10,M,4477
1987,1,11,F,4043
1987,1,11,M,4138
1987,1,12,F,5081
1987,1,12,M,5304
1987,1,13,F,5230
1987,1,13,M,5351
1987,1,14,F,5006
1987,1,14,M,5450
1987,1,15,F,5089
1987,1,15,M,5431
1987,1,16,F,5168
1987,1,16,M,5465
1987,1,17,F,4230
1987,1,17,M,4378
1987,1,18,F,3913
1987,1,18,M,4182
1987,1,19,F,5026
1987,1,19,M,5134
1987,1,20,F,5249
1987,1,20,M,5421
1987,1,21,F,5203
1987,1,21,M,5409
1987,1,22,F,5158
1987,1,22,M,5444
1987,1,23,F,5024
1987,1,23,M,5557
1987,1,24,F,4214
1987,1,24,M,4368
1987,1,25,F,4109
1987,1,25,M,4232
1987,1,26,F,5047
1987,1,26,M,5250
1987,1,27,F,5291
1987,1,27,M,5540
1987,1,28,F,5314
1987,1,28,M,5497
1987,1,29,F,5133
1987,1,29,M,5508
1987,1,30,F,5220
1987,1,30,M,5492
1987,1,31,F,4349
1987,1,31,M,4547
1987,2,1,F,4074
1987,2,1,M,4329
1987,2,2,F,5167
1987,2,2,M,5418
1987,2,3,F,5390
1987,2,3,M,5649
1987,2,4,F,5149
1987,2,4,M,5400
1987,2,5,F,5056
1987,2,5,M,5473
1987,2,6,F,5139
1987,2,6,M,5472
1987,2,7,F,4232
1987,2,7,M,4503
1987,2,8,F,4044
1987,2,8,M,4234
1987,2,9,F,4906
1987,2,9,M,5508
1987,2,10,F,5295
1987,2,10,M,5681
1987,2,11,F,5151
1987,2,11,M,5498
1987,2,12,F,5398
1987,2,12,M,5588
1987,2,13,F,5054
1987,2,13,M,5202
1987,2,14,F,4552
1987,2,14,M,4693
1987,2,15,F,4040
1987,2,15,M,4344
1987,2,16,F,4894
1987,2,16,M,5369
1987,2,17,F,5323
1987,2,17,M,5607
1987,2,18,F,5279
1987,2,18,M,5477
1987,2,19,F,5139
1987,2,19,M,5349
1987,2,20,F,5480
1987,2,20,M,5512
1987,2,21,F,4275
1987,2,21,M,4565
1987,2,22,F,4268
1987,2,22,M,4374
1987,2,23,F,5267
1987,2,23,M,5485
1987,2,24,F,5396
1987,2,24,M,5619
1987,2,25,F,5253
1987,2,25,M,5610
1987,2,26,F,5117
1987,2,26,M,5508
1987,2,27,F,5416
1987,2,27,M,5594
1987,2,28,F,4331
1987,2,28,M,4614
1987,3,1,F,4196
1987,3,1,M,4289
1987,3,2,F,5317
1987,3,2,M,5501
1987,3,3,F,5323
1987,3,3,M,5608
1987,3,4,F,5185
1987,3,4,M,5482
1987,3,5,F,5460
1987,3,5,M,5511
1987,3,6,F,5503
1987,3,6,M,5592
1987,3,7,F,4229
1987,3,7,M,4525
1987,3,8,F,3926
1987,3,8,M,4368
1987,3,9,F,5226
1987,3,9,M,5583
1987,3,10,F,5469
1987,3,10,M,5731
1987,3,11,F,5214
1987,3,11,M,5483
1987,3,12,F,5363
1987,3,12,M,5537
1987,3,13,F,4988
1987,3,13,M,5411
1987,3,14,F,4315
1987,3,14,M,4522
1987,3,15,F,4130
1987,3,15,M,4188
1987,3,16,F,5322
1987,3,16,M,5496
1987,3,17,F,5490
1987,3,17,M,5736
1987,3,18,F,5366
1987,3,18,M,5729
1987,3,19,F,5381
1987,3,19,M,5567
1987,3,20,F,5493
1987,3,20,M,5762
1987,3,21,F,4437
1987,3,21,M,4569
1987,3,22,F,4077
1987,3,22,M,4230
1987,3,23,F,5375
1987,3,23,M,5455
1987,3,24,F,5470
1987,3,24,M,5847
1987,3,25,F,5209
1987,3,25,M,5593
1987,3,26,F,5291
1987,3,26,M,5624
1987,3,27,F,5488
1987,3,27,M,5569
1987,3,28,F,4260
1987,3,28,M,4595
1987,3,29,F,4059
1987,3,29,M,4296
1987,3,30,F,5333
1987,3,30,M,5290
1987,3,31,F,5376
1987,3,31,M,5820
1987,4,1,F,5096
1987,4,1,M,5116
1987,4,2,F,5386
1987,4,2,M,5683
1987,4,3,F,5368
1987,4,3,M,5677
1987,4,4,F,4333
1987,4,4,M,4486
1987,4,5,F,4008
1987,4,5,M,4004
1987,4,6,F,5339
1987,4,6,M,5426
1987,4,7,F,5499
1987,4,7,M,5825
1987,4,8,F,5267
1987,4,8,M,5739
1987,4,9,F,5140
1987,4,9,M,5670
1987,4,10,F,5557
1987,4,10,M,5727
1987,4,11,F,4432
1987,4,11,M,4601
1987,4,12,F,4136
1987,4,12,M,4399
1987,4,13,F,5110
1987,4,13,M,5500
1987,4,14,F,5457
1987,4,14,M,5960
1987,4,15,F,5399
1987,4,15,M,5668
1987,4,16,F,5468
1987,4,16,M,5707
1987,4,17,F,5116
1987,4,17,M,5442
1987,4,18,F,4313
1987,4,18,M,4612
1987,4,19,F,4038
1987,4,19,M,4187
1987,4,20,F,5129
1987,4,20,M,5465
1987,4,21,F,5416
1987,4,21,M,5789
1987,4,22,F,5330
1987,4,22,M,5642
1987,4,23,F,5284
1987,4,23,M,5532
1987,4,24,F,5244
1987,4,24,M,5603
1987,4,25,F,4218
1987,4,25,M,4445
1987,4,26,F,4015
1987,4,26,M,4271
1987,4,27,F,5093
1987,4,27,M,5293
1987,4,28,F,5363
1987,4,28,M,5532
1987,4,29,F,5157
1987,4,29,M,5453
1987,4,30,F,5282
1987,4,30,M,5618
1987,5,1,F,5361
1987,5,1,M,5578
1987,5,2,F,4268
1987,5,2,M,4611
1987,5,3,F,4079
1987,5,3,M,4296
1987,5,4,F,5209
1987,5,4,M,5599
1987,5,5,F,5381
1987,5,5,M,5729
1987,5,6,F,5325
1987,5,6,M,5501
1987,5,7,F,5324
1987,5,7,M,5632
1987,5,8,F,5425
1987,5,8,M,5773
1987,5,9,F,4335
1987,5,9,M,4518
1987,5,10,F,4172
1987,5,10,M,4395
1987,5,11,F,5377
1987,5,11,M,5616
1987,5,12,F,5621
1987,5,12,M,5792
1987,5,13,F,5182
1987,5,13,M,5378
1987,5,14,F,5427
1987,5,14,M,5611
1987,5,15,F,5416
1987,5,15,M,5794
1987,5,16,F,4403
1987,5,16,M,4490
1987,5,17,F,4036
1987,5,17,M,4293
1987,5,18,F,5503
1987,5,18,M,5705
1987,5,19,F,5587
1987,5,19,M,5856
1987,5,20,F,5415
1987,5,20,M,5811
1987,5,21,F,5499
1987,5,21,M,5790
1987,5,22,F,5659
1987,5,22,M,5961
1987,5,23,F,4302
1987,5,23,M,4652
1987,5,24,F,4130
1987,5,24,M,4238
1987,5,25,F,4279
1987,5,25,M,4510
1987,5,26,F,5463
1987,5,26,M,5668
1987,5,27,F,5744
1987,5,27,M,6091
1987,5,28,F,5579
1987,5,28,M,5858
1987,5,29,F,5674
1987,5,29,M,6105
1987,5,30,F,4529
1987,5,30,M,4747
1987,5,31,F,4307
1987,5,31,M,4502
1987,6,1,F,5325
1987,6,1,M,5774
1987,6,2,F,5520
1987,6,2,M,6020
1987,6,3,F,5458
1987,6,3,M,5722
1987,6,4,F,5477
1987,6,4,M,5754
1987,6,5,F,5616
1987,6,5,M,5744
1987,6,6,F,4549
1987,6,6,M,4713
1987,6,7,F,4142
1987,6,7,M,4409
1987,6,8,F,5412
1987,6,8,M,5690
1987,6,9,F,5633
1987,6,9,M,5865
1987,6,10,F,5504
1987,6,10,M,5853
1987,6,11,F,5420
1987,6,11,M,5870
1987,6,12,F,5585
1987,6,12,M,5925
1987,6,13,F,4617
1987,6,13,M,4637
1987,6,14,F,4189
1987,6,14,M,4434
1987,6,15,F,5511
1987,6,15,M,5942
1987,6,16,F,5611
1987,6,16,M,6036
1987,6,17,F,5587
1987,6,17,M,5884
1987,6,18,F,5538
1987,6,18,M,5687
1987,6,19,F,5546
1987,6,19,M,5915
1987,6,20,F,4473
1987,6,20,M,4782
1987,6,21,F,4381
1987,6,21,M,4505
1987,6,22,F,5457
1987,6,22,M,5616
1987,6,23,F,5558
1987,6,23,M,5875
1987,6,24,F,5449
1987,6,24,M,5742
1987,6,25,F,5509
1987,6,25,M,5918
1987,6,26,F,5617
1987,6,26,M,5931
1987,6,27,F,4396
1987,6,27,M,4592
1987,6,28,F,4393
1987,6,28,M,4302
1987,6,29,F,5286
1987,6,29,M,5583
1987,6,30,F,5701
1987,6,30,M,6177
1987,7,1,F,5511
1987,7,1,M,5929
1987,7,2,F,5736
1987,7,2,M,6113
1987,7,3,F,4927
1987,7,3,M,5226
1987,7,4,F,4410
1987,7,4,M,4454
1987,7,5,F,4208
1987,7,5,M,4437
1987,7,6,F,5372
1987,7,6,M,5577
1987,7,7,F,5737
1987,7,7,M,6127
1987,7,8,F,5562
1987,7,8,M,5968                               1987,7,9,F,5560
1987,7,9,M,5844
1987,7,10,F,5623
1987,7,10,M,6023
1987,7,11,F,4554
1987,7,11,M,4751
1987,7,12,F,4298
1987,7,12,M,4572
1987,7,13,F,5419
1987,7,13,M,5536
1987,7,14,F,5757
1987,7,14,M,6133
1987,7,15,F,5483
1987,7,15,M,5873
1987,7,16,F,5570
1987,7,16,M,5862
1987,7,18,F,4292                              1987,7,18,M,4719
1987,7,19,F,4269                                     1987,7,20,F,5611
1987,7,20,M,5778
1987,7,21,F,5754
1987,7,21,M,6100
1987,7,22,F,5836
1987,7,22,M,5795
1987,7,23,F,5614
1987,7,23,M,5965
1987,7,24,F,5750
1987,7,24,M,6028
1987,7,25,F,4723
1987,7,25,M,4807
1987,7,26,F,4408
1987,7,26,M,4665
1987,7,27,F,5661
1987,7,27,M,5943
1987,7,28,F,5826
1987,7,28,M,6217
1987,7,29,F,5609
1987,7,29,M,5981
1987,7,30,F,5649
1987,7,30,M,5965
1987,7,31,F,5550
1987,7,31,M,5943
1987,8,1,F,4472
1987,8,1,M,4670
1987,8,2,F,4369
1987,8,2,M,4527
1987,8,3,F,5488
1987,8,3,M,5841
1987,8,4,F,5780
1987,8,4,M,5940
1987,8,5,F,5505
1987,8,5,M,5846
1987,8,6,F,5509
1987,8,6,M,5827
1987,8,7,F,5772
1987,8,7,M,5993
1987,8,8,F,4590
1987,8,8,M,4831
1987,8,9,F,4220
1987,8,9,M,4417
1987,8,10,F,5655
1987,8,10,M,5821
1987,8,11,F,5783
1987,8,11,M,6007
1987,8,12,F,5440
1987,8,12,M,5901
1987,8,13,F,5609
1987,8,13,M,5809
1987,8,14,F,5560
1987,8,14,M,5912
1987,8,15,F,4605
1987,8,15,M,4793
1987,8,16,F,4376
1987,8,16,M,4482
1987,8,17,F,5655
1987,8,17,M,5930
1987,8,18,F,5789
1987,8,18,M,6107
1987,8,19,F,5501
1987,8,19,M,5733
1987,8,20,F,5650
1987,8,20,M,5790
1987,8,21,F,5748
1987,8,21,M,5944
1987,8,22,F,4579
1987,8,22,M,4734
1987,8,23,F,4419
1987,8,23,M,4481
1987,8,24,F,5379
1987,8,24,M,5677
1987,8,25,F,5721
1987,8,25,M,5949
1987,8,26,F,5590
1987,8,26,M,5872
1987,8,27,F,5591
1987,8,27,M,5942
1987,8,28,F,5688
1987,8,28,M,5928
1987,8,29,F,4426
1987,8,29,M,4722
1987,8,30,F,4314
1987,8,30,M,4484
1987,8,31,F,5376
1987,8,31,M,5619
1987,9,1,F,5718
1987,9,1,M,6016
1987,9,2,F,5650
1987,9,2,M,5801
1987,9,3,F,5482
1987,9,3,M,5990
1987,9,4,F,5823
1987,9,4,M,6046
1987,9,5,F,4626
1987,9,5,M,4766
1987,9,6,F,4298
1987,9,6,M,4504
1987,9,7,F,4587
1987,9,7,M,4743
1987,9,8,F,5751
1987,9,8,M,5980
1987,9,9,F,5926
1987,9,9,M,6252
1987,9,10,F,6028
1987,9,10,M,6224
1987,9,11,F,5880
1987,9,11,M,6471
1987,9,12,F,4604
1987,9,12,M,4863
1987,9,13,F,4409
1987,9,13,M,4615
1987,9,14,F,5667
1987,9,14,M,5905
1987,9,15,F,5905
1987,9,15,M,6235
1987,9,16,F,5856
1987,9,16,M,6132
1987,9,17,F,5853
1987,9,17,M,6253
1987,9,18,F,6008
1987,9,18,M,6189
1987,9,19,F,4848
1987,9,19,M,4980
1987,9,20,F,4637
1987,9,20,M,4795
1987,9,21,F,5766
1987,9,21,M,6109
1987,9,22,F,6007
1987,9,22,M,6249
1987,9,23,F,5720
1987,9,23,M,5962
1987,9,24,F,5765
1987,9,24,M,6095
1987,9,25,F,5953
1987,9,25,M,6220
1987,9,26,F,4746
1987,9,26,M,5045
1987,9,27,F,4455
1987,9,27,M,4692
1987,9,28,F,5549
1987,9,28,M,5964
1987,9,29,F,5922
1987,9,29,M,6163
1987,9,30,F,5766
1987,9,30,M,5971
1987,10,1,F,5742
1987,10,1,M,6049
1987,10,2,F,5744
1987,10,2,M,6117
1987,10,3,F,4484
1987,10,3,M,4754
1987,10,4,F,4251
1987,10,4,M,4435
1987,10,5,F,5565
1987,10,5,M,5803
1987,10,6,F,5714
1987,10,6,M,5851
1987,10,7,F,5405
1987,10,7,M,5851
1987,10,8,F,5527
1987,10,8,M,5788
1987,10,9,F,5436
1987,10,9,M,5818
1987,10,10,F,4443
1987,10,10,M,4722
1987,10,11,F,4149
1987,10,11,M,4394
1987,10,12,F,5295
1987,10,12,M,5576
1987,10,13,F,5601
1987,10,13,M,5832
1987,10,14,F,5589
1987,10,14,M,5785
1987,10,15,F,5527
1987,10,15,M,5892
1987,10,16,F,5551
1987,10,16,M,5689
1987,10,17,F,4471
1987,10,17,M,4501
1987,10,18,F,4065
1987,10,18,M,4205
1987,10,19,F,5338
1987,10,19,M,5506
1987,10,20,F,5552
1987,10,20,M,5828
1987,10,21,F,5426
1987,10,21,M,5764
1987,10,22,F,5237
1987,10,22,M,5556
1987,10,23,F,5496
1987,10,23,M,5664
1987,10,24,F,4318
1987,10,24,M,4530
1987,10,25,F,4358
1987,10,25,M,4491
1987,10,26,F,5332
1987,10,26,M,5524
1987,10,27,F,5452
1987,10,27,M,5664
1987,10,28,F,5383
1987,10,28,M,5663
1987,10,29,F,5397
1987,10,29,M,5703
1987,10,30,F,5335
1987,10,30,M,5711
1987,10,31,F,4378
1987,10,31,M,4507
1987,11,1,F,4158
1987,11,1,M,4305
1987,11,2,F,5245
1987,11,2,M,5546
1987,11,3,F,5489
1987,11,3,M,5738
1987,11,4,F,5330
1987,11,4,M,5802
1987,11,5,F,5397
1987,11,5,M,5580
1987,11,6,F,5385
1987,11,6,M,5714
1987,11,7,F,4270
1987,11,7,M,4544
1987,11,8,F,4133
1987,11,8,M,4300
1987,11,9,F,5318
1987,11,9,M,5577
1987,11,10,F,5635
1987,11,10,M,5755
1987,11,11,F,5378
1987,11,11,M,5628
1987,11,12,F,5382
1987,11,12,M,5624
1987,11,13,F,5103
1987,11,13,M,5539
1987,11,14,F,4269
1987,11,14,M,4608
1987,11,15,F,4158
1987,11,15,M,4365
1987,11,16,F,5390
1987,11,16,M,5627
1987,11,17,F,5602
1987,11,17,M,5841
1987,11,18,F,5365
1987,11,18,M,5655
1987,11,19,F,5229
1987,11,19,M,5599
1987,11,20,F,5508
1987,11,20,M,5741
1987,11,21,F,4370
1987,11,21,M,4521
1987,11,22,F,4168
1987,11,22,M,4308
1987,11,23,F,5528
1987,11,23,M,5742
1987,11,24,F,5666
1987,11,24,M,5879
1987,11,25,F,5439
1987,11,25,M,5686
1987,11,26,F,4138
1987,11,26,M,4180
1987,11,27,F,4895
1987,11,27,M,5119
1987,11,28,F,4251
1987,11,28,M,4434
1987,11,29,F,4196
1987,11,29,M,4220
1987,11,30,F,5380
1987,11,30,M,5705
1987,12,1,F,5744
1987,12,1,M,6063
1987,12,2,F,5329
1987,12,2,M,5607
1987,12,3,F,5303
1987,12,3,M,5562
1987,12,4,F,5340
1987,12,4,M,5555
1987,12,5,F,4250
1987,12,5,M,4405
1987,12,6,F,4205
1987,12,6,M,4278
1987,12,7,F,5246
1987,12,7,M,5421
1987,12,8,F,5464
1987,12,8,M,5715
1987,12,9,F,5336
1987,12,9,M,5508
1987,12,10,F,5297
1987,12,10,M,5640
1987,12,11,F,5531
1987,12,11,M,5504
1987,12,12,F,4230
1987,12,12,M,4577
1987,12,13,F,4115
1987,12,13,M,4124
1987,12,14,F,5343
1987,12,14,M,5590
1987,12,15,F,5627
1987,12,15,M,5906
1987,12,16,F,5484
1987,12,16,M,5648
1987,12,17,F,5608
1987,12,17,M,5786
1987,12,18,F,5751
1987,12,18,M,6121
1987,12,19,F,4324
1987,12,19,M,4596
1987,12,20,F,4040
1987,12,20,M,4320
1987,12,21,F,5636
1987,12,21,M,5895
1987,12,22,F,5480
1987,12,22,M,5682
1987,12,23,F,4988
1987,12,23,M,5313
1987,12,24,F,4308
1987,12,24,M,4611
1987,12,25,F,3782
1987,12,25,M,4099
1987,12,26,F,4136
1987,12,26,M,4310
1987,12,27,F,4209
1987,12,27,M,4332
1987,12,28,F,5555
1987,12,28,M,5907
1987,12,29,F,5859
1987,12,29,M,6322
1987,12,30,F,5792
1987,12,30,M,6051
1987,12,31,F,5344
1987,12,31,M,5468
1988,1,1,F,4149
1988,1,1,M,4345
1988,1,2,F,3874
1988,1,2,M,4175
1988,1,3,F,3981
1988,1,3,M,4196
1988,1,4,F,5009
1988,1,4,M,5193
1988,1,5,F,5244
1988,1,5,M,5683
1988,1,6,F,5197
1988,1,6,M,5472
1988,1,7,F,5255
1988,1,7,M,5559
1988,1,8,F,5295
1988,1,8,M,5453
1988,1,9,F,4202
1988,1,9,M,4443
1988,1,10,F,4039
1988,1,10,M,4260
1988,1,11,F,5250
1988,1,11,M,5402
1988,1,12,F,5464
1988,1,12,M,5709
1988,1,13,F,5230
1988,1,13,M,5455
1988,1,14,F,5372
1988,1,14,M,5409
1988,1,15,F,5374
1988,1,15,M,5767
1988,1,16,F,4321
1988,1,16,M,4514
1988,1,17,F,4263
1988,1,17,M,4253
1988,1,18,F,5201
1988,1,18,M,5416
1988,1,19,F,5427
1988,1,19,M,5729
1988,1,20,F,5331
1988,1,20,M,5670
1988,1,21,F,5352
1988,1,21,M,5597
1988,1,22,F,5304
1988,1,22,M,5623
1988,1,23,F,4275
1988,1,23,M,4453
1988,1,24,F,4268
1988,1,24,M,4305
1988,1,25,F,5268
1988,1,25,M,5516
1988,1,26,F,5275
1988,1,26,M,5696
1988,1,27,F,5267
1988,1,27,M,5598
1988,1,28,F,5092
1988,1,28,M,5597
1988,1,29,F,5436
1988,1,29,M,5583
1988,1,30,F,4334
1988,1,30,M,4565
1988,1,31,F,4225
1988,1,31,M,4290
1988,2,1,F,5351
1988,2,1,M,5396
1988,2,2,F,5528
1988,2,2,M,5842
1988,2,3,F,5315
1988,2,3,M,5564
1988,2,4,F,5202
1988,2,4,M,5600
1988,2,5,F,5339
1988,2,5,M,5605
1988,2,6,F,4248
1988,2,6,M,4473
1988,2,7,F,4143
1988,2,7,M,4167
1988,2,8,F,5260
1988,2,8,M,5364
1988,2,9,F,5508
1988,2,9,M,5760
1988,2,10,F,5432
1988,2,10,M,5738
1988,2,11,F,5398
1988,2,11,M,5622
1988,2,12,F,5446
1988,2,12,M,5714
1988,2,13,F,4300
1988,2,13,M,4420
1988,2,14,F,4257
1988,2,14,M,4473
1988,2,15,F,5046
1988,2,15,M,5314
1988,2,16,F,5510
1988,2,16,M,5749
1988,2,17,F,5397
1988,2,17,M,5765
1988,2,18,F,5381
1988,2,18,M,5659
1988,2,19,F,5432
1988,2,19,M,5697
1988,2,20,F,4411
1988,2,20,M,4797
1988,2,21,F,4221
1988,2,21,M,4201
1988,2,22,F,5280
1988,2,22,M,5553
1988,2,23,F,5383
1988,2,23,M,5618
1988,2,24,F,5105
1988,2,24,M,5576
1988,2,25,F,5255
1988,2,25,M,5537
1988,2,26,F,5403
1988,2,26,M,5681
1988,2,27,F,4445
1988,2,27,M,4573
1988,2,28,F,4223
1988,2,28,M,4276
1988,2,29,F,4859
1988,2,29,M,4939
1988,3,1,F,5615
1988,3,1,M,5886
1988,3,2,F,5440
1988,3,2,M,5577
1988,3,3,F,5417
1988,3,3,M,5673
1988,3,4,F,5290
1988,3,4,M,5720
1988,3,5,F,4391
1988,3,5,M,4526
1988,3,6,F,4126
1988,3,6,M,4257
1988,3,7,F,5152
1988,3,7,M,5384
1988,3,8,F,5490
1988,3,8,M,5819
1988,3,9,F,5176
1988,3,9,M,5545
1988,3,10,F,5362
1988,3,10,M,5511
1988,3,11,F,5263
1988,3,11,M,5527
1988,3,12,F,4183
1988,3,12,M,4540
1988,3,13,F,3964
1988,3,13,M,4327
1988,3,14,F,5106
1988,3,14,M,5273
1988,3,15,F,5451
1988,3,15,M,5652
1988,3,16,F,5439
1988,3,16,M,5604
1988,3,17,F,5319
1988,3,17,M,5599
1988,3,18,F,5448
1988,3,18,M,5641
1988,3,19,F,4238
1988,3,19,M,4517
1988,3,20,F,4239
1988,3,20,M,4407
1988,3,21,F,5301
1988,3,21,M,5605
1988,3,22,F,5431
1988,3,22,M,5857
1988,3,23,F,5344
1988,3,23,M,5636
1988,3,24,F,5423
1988,3,24,M,5622
1988,3,25,F,5587
1988,3,25,M,5692
1988,3,26,F,4466
1988,3,26,M,4702
1988,3,27,F,4208
1988,3,27,M,4326
1988,3,28,F,5270
1988,3,28,M,5510
1988,3,29,F,5517
1988,3,29,M,5888
1988,3,30,F,5338
1988,3,30,M,5544
1988,3,31,F,5205
1988,4,1,F,4990
1988,4,1,M,5308
1988,4,2,F,4434
1988,4,2,M,4531
1988,4,3,F,3947
1988,4,3,M,4181
1988,4,4,F,5438
1988,4,4,M,5583
1988,4,5,F,5468
1988,4,5,M,6054
1988,4,6,F,5467
1988,4,6,M,5617
1988,4,7,F,5190
1988,4,7,M,5696
1988,4,8,F,5380
1988,4,8,M,5681
1988,4,9,F,4179
1988,4,9,M,4522
1988,4,10,F,4197
1988,4,10,M,4305
1988,4,11,F,5332
1988,4,11,M,5590
1988,4,12,F,5462
1988,4,12,M,5770
1988,4,13,F,5186
1988,4,13,M,5348
1988,4,14,F,5215
1988,4,14,M,5662
1988,4,15,F,5426
1988,4,15,M,5689
1988,4,16,F,4328
1988,4,16,M,4568
1988,4,17,F,4047
1988,4,17,M,4253
1988,4,18,F,5380
1988,4,18,M,5554
1988,4,19,F,5295
1988,4,19,M,5749
1988,4,20,F,5361
1988,4,20,M,5659
1988,4,21,F,5265
1988,4,21,M,5677
1988,4,22,F,5558
1988,4,22,M,5736
1988,4,23,F,4444
1988,4,23,M,4721
1988,4,24,F,4098
1988,4,24,M,4387
1988,4,25,F,5378
1988,4,25,M,5626
1988,4,26,F,5611
1988,4,26,M,5789
1988,4,27,F,5279
1988,4,27,M,5782
1988,4,28,F,5538
1988,4,28,M,5791
1988,4,29,F,5245
1988,4,29,M,5591
1988,4,30,F,4367
1988,4,30,M,4537
1988,5,1,F,4151
1988,5,1,M,4323
1988,5,2,F,5067
1988,5,2,M,5497
1988,5,3,F,5292
1988,5,3,M,5803
1988,5,4,F,5308
1988,5,4,M,5623
1988,5,5,F,5382
1988,5,5,M,5656
1988,5,6,F,5391
1988,5,6,M,5880
1988,5,7,F,4323
1988,5,7,M,4668
1988,5,8,F,4285
1988,5,8,M,4407
1988,5,9,F,5323
1988,5,9,M,5754
1988,5,10,F,5552
1988,5,10,M,6112
1988,5,11,F,5542
1988,5,11,M,5777
1988,5,12,F,5421
1988,5,12,M,5786
1988,5,13,F,5285
1988,5,13,M,5646
1988,5,14,F,4434
1988,5,14,M,4515
1988,5,15,F,4304
1988,5,15,M,4460
1988,5,16,F,5593
1988,5,16,M,5674
1988,5,17,F,5684
1988,5,17,M,5909
1988,5,18,F,5460
1988,5,18,M,5851
1988,5,19,F,5347
1988,5,19,M,5763
1988,5,20,F,5559
1988,5,20,M,5893
1988,5,21,F,4385
1988,5,21,M,4570
1988,5,22,F,4264
1988,5,22,M,4552
1988,5,23,F,5536
1988,5,23,M,5819
1988,5,24,F,5690
1988,5,24,M,6172
1988,5,25,F,5535
1988,5,25,M,5929
1988,5,26,F,5628
1988,5,26,M,5866
1988,5,27,F,5598
1988,5,27,M,6114
1988,5,28,F,4559
1988,5,28,M,4783
1988,5,29,F,4249
1988,5,29,M,4492
1988,6,1,F,5838
1988,6,1,M,6199
1988,6,2,F,5845
1988,6,2,M,6066
1988,6,3,F,5570
1988,6,3,M,5892
1988,6,4,F,4461
1988,6,4,M,4758
1988,6,5,F,4354
1988,6,5,M,4437
1988,6,6,F,5608
1988,6,6,M,5784
1988,6,7,F,5618
1988,6,7,M,5955
1988,6,8,F,5631
1988,6,8,M,5864
1988,6,9,F,5682
1988,6,9,M,5837
1988,6,10,F,5618
1988,6,10,M,5931
1988,6,11,F,4502
1988,6,11,M,4597
1988,6,12,F,4226
1988,6,12,M,4448
1988,6,13,F,5350
1988,6,13,M,5747
1988,6,14,F,5773
1988,6,14,M,6142
1988,6,15,F,5704
1988,6,15,M,5947
1988,6,16,F,5684
1988,6,16,M,5972
1988,6,17,F,5683
1988,6,17,M,5956
1988,6,18,F,4536
1988,6,18,M,4844
1988,6,19,F,4413
1988,6,19,M,4625
1988,6,20,F,5629
1988,6,20,M,5923
1988,6,21,F,5844
1988,6,21,M,6196
1988,6,22,F,5676
1988,6,22,M,6103
1988,6,23,F,5712
1988,6,23,M,6074
1988,6,24,F,5683
1988,6,24,M,6015
1988,6,25,F,4598
1988,6,25,M,4872
1988,6,26,F,4404
1988,6,26,M,4454
1988,6,27,F,5413
1988,6,27,M,5753
1988,6,28,F,5910
1988,6,28,M,6255
1988,6,29,F,5737
1988,7,1,F,5842
1988,7,1,M,5983
1988,7,2,F,4597
1988,7,2,M,5014
1988,7,3,F,4432
1988,7,3,M,4556
1988,7,4,F,4587
1988,7,4,M,4672
1988,7,5,F,5742
1988,7,5,M,5973
1988,7,6,F,6070
1988,7,6,M,6418
1988,7,7,F,6200
1988,7,7,M,6527
1988,7,8,F,6007
1988,7,8,M,6417
1988,7,9,F,4784
1988,7,9,M,5139
1988,7,10,F,4628
1988,7,10,M,4780
1988,7,11,F,5845
1988,7,11,M,6134
1988,7,12,F,5812
1988,7,12,M,6256
1988,7,13,F,5691
1988,7,13,M,6062
1988,7,14,F,5820
1988,7,14,M,6133
1988,7,15,F,6054
1988,7,15,M,6375
1988,7,16,F,4787
1988,7,16,M,5048
1988,7,17,F,4567
1988,7,17,M,4741
1988,7,18,F,5763
1988,7,18,M,5936
1988,7,19,F,5911
1988,7,19,M,6274
1988,7,20,F,5971
1988,7,20,M,6125
1988,7,21,F,5828
1988,7,21,M,6099
1988,7,22,F,5894
1988,7,22,M,6218
1988,7,23,F,4715
1988,7,23,M,5081
1988,7,24,F,4483
1988,7,24,M,4646
1988,7,25,F,5676
1988,7,25,M,5965
1988,7,26,F,6047
1988,7,26,M,6297
1988,7,27,F,5897
1988,7,27,M,6267
1988,7,28,F,5872
1988,7,28,M,6323
1988,7,29,F,5959
1988,7,29,M,6345
1988,7,30,F,5033
1988,7,30,M,5152
1988,7,31,F,4636
1988,7,31,M,4725
1988,8,1,F,5832
1988,8,1,M,5974
1988,8,2,F,5969
1988,8,2,M,6196
1988,8,3,F,5831
1988,8,3,M,6114
1988,8,4,F,5841
1988,8,4,M,6315
1988,8,5,F,5976
1988,8,5,M,6198
1988,8,6,F,4925
1988,8,6,M,5030
1988,8,7,F,4517
1988,8,7,M,4690
1988,8,8,F,6043
1988,8,8,M,6370
1988,8,9,F,6033
1988,8,9,M,6249
1988,8,10,F,5853
1988,8,10,M,6162
1988,8,11,F,5929
1988,8,11,M,6275
1988,8,12,F,5874
1988,8,12,M,6352
1988,8,13,F,4876
1988,8,13,M,5041
1988,8,14,F,4606
1988,8,14,M,4828
1988,8,15,F,5635
1988,8,15,M,6134
1988,8,16,F,6102
1988,8,16,M,6332
1988,8,17,F,5775
1988,8,17,M,6221
1988,8,18,F,6070
1988,8,18,M,6258
1988,8,19,F,5942
1988,8,19,M,6225
1988,8,20,F,4781
1988,8,20,M,4981
1988,8,21,F,4581
1988,8,21,M,4690
1988,8,22,F,5677
1988,8,22,M,6006
1988,8,23,F,5985
1988,8,23,M,6251
1988,8,24,F,5811
1988,8,24,M,6120
1988,8,25,F,5929
1988,8,25,M,6177
1988,8,26,F,5955
1988,8,26,M,6288
1988,8,27,F,4729
1988,8,27,M,4995
1988,8,28,F,4475
1988,8,28,M,4795
1988,8,29,F,5619
1988,8,29,M,5978
1988,8,30,F,6071
1988,8,30,M,6209
1988,8,31,F,5846
1988,8,31,M,6057
1988,9,1,F,5759
1988,9,1,M,6108
1988,9,2,F,6016
1988,9,2,M,6235
1988,9,3,F,4875
1988,9,3,M,5091
1988,9,4,F,4513
1988,9,4,M,4737
1988,9,5,F,4630
1988,9,5,M,4662
1988,9,6,F,5841
1988,9,6,M,6243
1988,9,7,F,6111
1988,9,7,M,6398
1988,9,8,F,6034
1988,9,8,M,6317
1988,9,9,F,6187
1988,9,9,M,6474
1988,9,10,F,4833
1988,9,10,M,5135
1988,9,11,F,4663
1988,9,11,M,4842
1988,9,12,F,5854
1988,9,12,M,6208
1988,9,13,F,6156
1988,9,13,M,6295
1988,9,14,F,6149
1988,9,14,M,6402
1988,9,15,F,5979
1988,9,15,M,6419
1988,9,16,F,6151
1988,9,16,M,6469
1988,9,17,F,5097
1988,9,17,M,5265
1988,9,18,F,4904
1988,9,18,M,4944
1988,9,19,F,6014
1988,9,19,M,6318
1988,9,20,F,6332
1988,9,20,M,6519
1988,9,21,F,6097
1988,9,21,M,6329
1988,9,22,F,6081
1988,9,22,M,6473
1988,9,23,F,6212
1988,9,23,M,6482
1988,9,24,F,4853
1988,9,24,M,5125
1988,9,25,F,4598
1988,9,25,M,4891
1988,9,26,F,5897
1988,9,26,M,6140
1988,9,27,F,6140
1988,9,27,M,6314
1988,9,28,F,5868
1988,9,28,M,6088
1988,9,29,F,6111
1988,9,29,M,6136
1988,9,30,F,5968
1988,9,30,M,6295
1988,10,1,F,4916
1988,10,1,M,4886
1988,10,2,F,4410
1988,10,2,M,4681
1988,10,3,F,5754
1988,10,3,M,5930
1988,10,4,F,5867
1988,10,4,M,6205
1988,10,5,F,5640
1988,10,5,M,5978
1988,10,6,F,5756
1988,10,6,M,5984
1988,10,7,F,5775
1988,10,7,M,5992
1988,10,8,F,4615
1988,10,8,M,4715
1988,10,9,F,4379
1988,10,9,M,4705
1988,10,10,F,5479
1988,10,10,M,5888
1988,10,11,F,5805
1988,10,11,M,6031
1988,10,12,F,5719
1988,10,12,M,5844
1988,10,13,F,5434
1988,10,13,M,5744
1988,10,14,F,5753
1988,10,14,M,5865
1988,10,15,F,4632
1988,10,15,M,4749
1988,10,16,F,4312
1988,10,16,M,4439
1988,10,17,F,5687
1988,10,17,M,5816
1988,10,18,F,5814
1988,10,18,M,6079
1988,10,19,F,5505
1988,10,19,M,5601
1988,10,20,F,5509
1988,10,20,M,5820
1988,10,21,F,5421
1988,10,21,M,5776
1988,10,22,F,4437
1988,10,22,M,4778
1988,10,23,F,4250
1988,10,23,M,4421
1988,10,24,F,5474
1988,10,24,M,5787
1988,10,25,F,5704
1988,10,25,M,5946
1988,10,26,F,5576
1988,10,26,M,5840
1988,10,27,F,5499
1988,10,27,M,5584
1988,10,28,F,5590
1988,10,28,M,5918
1988,10,29,F,4354
1988,10,29,M,4635
1988,10,30,F,4402
1988,10,30,M,4548
1988,10,31,F,4893
1988,10,31,M,5086
1988,11,1,F,5826
1988,11,1,M,6036
1988,11,2,F,5405
1988,11,2,M,5645
1988,11,3,F,5423
1988,11,3,M,5897
1988,11,4,F,5555
1988,11,4,M,5997
1988,11,5,F,4424
1988,11,5,M,4733
1988,11,6,F,4276
1988,11,6,M,4457
1988,11,7,F,5368
1988,11,7,M,5816
1988,11,8,F,5492
1988,11,8,M,5882
1988,11,9,F,5511
1988,11,9,M,5616
1988,11,10,F,5425
1988,11,10,M,5729
1988,11,11,F,5447
1988,11,11,M,5713
1988,11,12,F,4452
1988,11,12,M,4595
1988,11,13,F,4120
1988,11,13,M,4355
1988,11,14,F,5380
1988,11,14,M,5595
1988,11,15,F,5580
1988,11,15,M,5828
1988,11,16,F,5352
1988,11,16,M,5620
1988,11,17,F,5498
1988,11,17,M,5708
1988,11,18,F,5495
1988,11,18,M,5970
1988,11,19,F,4347
1988,11,19,M,4635
1988,11,20,F,4119
1988,11,20,M,4316
1988,11,21,F,5584
1988,11,21,M,5774
1988,11,22,F,5792
1988,11,22,M,6072
1988,11,23,F,5271
1988,11,23,M,5690
1988,11,24,F,4087
1988,11,24,M,4437
1988,11,25,F,4912
1988,11,25,M,5186
1988,11,26,F,4313
1988,11,26,M,4599
1988,11,27,F,4189
1988,11,27,M,4321
1988,11,28,F,5439
1988,11,28,M,5610
1988,11,29,F,5536
1988,11,29,M,5987
1988,11,30,F,5516
1988,11,30,M,5713
1988,12,1,F,5492
1988,12,1,M,5735
1988,12,2,F,5255
1988,12,2,M,5644
1988,12,3,F,4354
1988,12,3,M,4516
1988,12,4,F,4061
1988,12,4,M,4263
1988,12,5,F,5224
1988,12,5,M,5427
1988,12,6,F,5578
1988,12,6,M,5719
1988,12,7,F,5449
1988,12,7,M,5646
1988,12,8,F,5418
1988,12,8,M,5713
1988,12,9,F,5253
1988,12,9,M,5625
1988,12,10,F,4356
1988,12,10,M,4469
1988,12,11,F,4043
1988,12,11,M,4409
1988,12,12,F,5388
1988,12,12,M,5571
1988,12,13,F,5516
1988,12,13,M,5767
1988,12,14,F,5510
1988,12,14,M,5852
1988,12,15,F,5533
1988,12,15,M,5831
1988,12,16,F,5622
1988,12,16,M,5841
1988,12,17,F,4270
1988,12,17,M,4486
1988,12,18,F,4211
1988,12,18,M,4220
1988,12,19,F,5651
1988,12,19,M,6065
1988,12,20,F,6092
1988,12,20,M,6343
1988,12,21,F,5462
1988,12,21,M,5861
1988,12,22,F,5219
1988,12,22,M,5510
1988,12,23,F,4887
1988,12,23,M,5110
1988,12,24,F,4024
1988,12,24,M,4269
1988,12,25,F,3874
1988,12,25,M,3961
1988,12,26,F,4274
1988,12,26,M,4409
1988,12,27,F,5633
1988,12,27,M,5895
1988,12,28,F,5858
1988,12,28,M,5989
1988,12,29,F,5760
1988,12,29,M,5944
1988,12,30,F,5742
1988,12,30,M,6095
1988,12,31,F,4435
1988,12,31,M,4698
1989,1,null,F,156749
1989,1,null,M,164052
1989,2,null,F,146710
1989,2,null,M,154047
1989,3,null,F,165889
1989,3,null,M,174433
1989,4,null,F,155689
1989,4,null,M,163432
1989,5,null,F,163800
1989,5,null,M,172892
1989,6,null,F,165525
1989,6,null,M,173823
1989,7,null,F,174054
1989,7,null,M,183063
1989,8,null,F,178986
1989,8,null,M,188074
1989,9,null,F,174808
1989,9,null,M,182962
1989,10,null,F,168303
1989,10,null,M,176258
1989,11,null,F,159013
1989,11,null,M,166923
1989,12,null,F,164186
1989,12,null,M,172022
1990,1,null,F,163576
1990,1,null,M,172073
1990,2,null,F,153015
1990,2,null,M,159915
1990,3,null,F,171463
1990,3,null,M,179499
1990,4,null,F,164469
1990,4,null,M,172275
1990,5,null,F,173127
1990,5,null,M,181366
1990,6,null,F,168941
1990,6,null,M,178799
1990,7,null,F,179270
1990,7,null,M,188837
1990,8,null,F,181845
1990,8,null,M,191101
1990,9,null,F,175292
1990,9,null,M,183840
1990,10,null,F,172365
1990,10,null,M,181247
1990,11,null,F,163036
1990,11,null,M,170515
1990,12,null,F,164567
1990,12,null,M,172484
1991,1,null,F,164305
1991,1,null,M,171198
1991,2,null,F,151260
1991,2,null,M,158163
1991,3,null,F,167751
1991,3,null,M,176650
1991,4,null,F,163778
1991,4,null,M,172218
1991,5,null,F,172728
1991,5,null,M,180764
1991,6,null,F,163048
1991,6,null,M,171594
1991,7,null,F,177698
1991,7,null,M,185629
1991,8,null,F,179729
1991,8,null,M,187491
1991,9,null,F,174362
1991,9,null,M,181999
1991,10,null,F,171490
1991,10,null,M,177890
1991,11,null,F,158692
1991,11,null,M,165320
1991,12,null,F,166760
1991,12,null,M,174825
1992,1,null,F,162874
1992,1,null,M,171502
1992,2,null,F,154333
1992,2,null,M,161410
1992,3,null,F,165468
1992,3,null,M,174389
1992,4,null,F,162792
1992,4,null,M,170879
1992,5,null,F,167941
1992,5,null,M,176584
1992,6,null,F,165818
1992,6,null,M,174250
1992,7,null,F,175090
1992,7,null,M,184407
1992,8,null,F,171095
1992,8,null,M,178271
1992,9,null,F,169543
1992,9,null,M,178412
1992,10,null,F,167907
1992,10,null,M,176076
1992,11,null,F,157342
1992,11,null,M,164949
1992,12,null,F,164915
1992,12,null,M,173181
1993,1,null,F,157524
1993,1,null,M,165896
1993,2,null,F,148569
1993,2,null,M,156378
1993,3,null,F,167013
1993,3,null,M,175505
1993,4,null,F,159698
1993,4,null,M,167674
1993,5,null,F,163377
1993,5,null,M,172991
1993,6,null,F,163769
1993,6,null,M,171934
1993,7,null,F,171888
1993,7,null,M,181061
1993,8,null,F,171785
1993,8,null,M,179521
1993,9,null,F,170167
1993,9,null,M,178232
1993,10,null,F,162794
1993,10,null,M,170519
1993,11,null,F,154679
1993,11,null,M,162072
1993,12,null,F,162193
1993,12,null,M,169284
1994,1,null,F,157015
1994,1,null,M,163982
1994,2,null,F,147453
1994,2,null,M,154175
1994,3,null,F,165797
1994,3,null,M,174281
1994,4,null,F,154935
1994,4,null,M,162778
1994,5,null,F,160679
1994,5,null,M,169921
1994,6,null,F,160576
1994,6,null,M,169510
1994,7,null,F,168646
1994,7,null,M,177579
1994,8,null,F,172383
1994,8,null,M,180197
1994,9,null,F,166020
1994,9,null,M,173600
1994,10,null,F,162185
1994,10,null,M,168356
1994,11,null,F,156514
1994,11,null,M,163252
1994,12,null,F,160031
1994,12,null,M,167060
1995,1,null,F,154538
1995,1,null,M,161749
1995,2,null,F,144485
1995,2,null,M,150879
1995,3,null,F,160096
1995,3,null,M,168678
1995,4,null,F,150914
1995,4,null,M,158447
1995,5,null,F,162601
1995,5,null,M,172235
1995,6,null,F,160527
1995,6,null,M,169557
1995,7,null,F,166814
1995,7,null,M,174366
1995,8,null,F,171158
1995,8,null,M,179864
1995,9,null,F,165661
1995,9,null,M,173746
1995,10,null,F,162008
1995,10,null,M,168303
1995,11,null,F,151949
1995,11,null,M,159181
1995,12,null,F,154120
1995,12,null,M,161136
1996,1,null,F,153564
1996,1,null,M,161007
1996,2,null,F,147336
1996,2,null,M,154683
1996,3,null,F,157536
1996,3,null,M,165311
1996,4,null,F,152624
1996,4,null,M,160256
1996,5,null,F,158983
1996,5,null,M,167020
1996,6,null,F,155502
1996,6,null,M,163267
1996,7,null,F,168423
1996,7,null,M,177043
1996,8,null,F,169237
1996,8,null,M,177393
1996,9,null,F,165338
1996,9,null,M,171299
1996,10,null,F,164939
1996,10,null,M,171717
1996,11,null,F,151621
1996,11,null,M,158058
1996,12,null,F,157561
1996,12,null,M,165156
1997,1,null,F,155408
1997,1,null,M,162091
1997,2,null,F,142259
1997,2,null,M,149536
1997,3,null,F,157335
1997,3,null,M,164148
1997,4,null,F,153524
1997,4,null,M,160935
1997,5,null,F,161304
1997,5,null,M,169296
1997,6,null,F,156734
1997,6,null,M,165435
1997,7,null,F,169391
1997,7,null,M,177423
1997,8,null,F,165928
1997,8,null,M,173528
1997,9,null,F,162975
1997,9,null,M,170937
1997,10,null,F,160645
1997,10,null,M,168306
1997,11,null,F,150194
1997,11,null,M,157395
1997,12,null,F,161231
1997,12,null,M,168371
1998,1,null,F,155671
1998,1,null,M,163902
1998,2,null,F,146310
1998,2,null,M,152641
1998,3,null,F,161291
1998,3,null,M,168419
1998,4,null,F,156178
1998,4,null,M,163853
1998,5,null,F,161543
1998,5,null,M,169221
1998,6,null,F,159207
1998,6,null,M,168175
1998,7,null,F,170376
1998,7,null,M,178616
1998,8,null,F,168353
1998,8,null,M,176747
1998,9,null,F,168502
1998,9,null,M,175254
1998,10,null,F,162998
1998,10,null,M,170140
1998,11,null,F,153386
1998,11,null,M,160161
1998,12,null,F,163291
1998,12,null,M,170957
1999,1,null,F,156054
1999,1,null,M,163440
1999,2,null,F,145172
1999,2,null,M,152660
1999,3,null,F,162648
1999,3,null,M,170574
1999,4,null,F,154150
1999,4,null,M,163007
1999,5,null,F,160124
1999,5,null,M,168682
1999,6,null,F,162255
1999,6,null,M,170261
1999,7,null,F,170905
1999,7,null,M,179321
1999,8,null,F,171718
1999,8,null,M,180033
1999,9,null,F,170699
1999,9,null,M,179124
1999,10,null,F,163347
1999,10,null,M,170004
1999,11,null,F,154605
1999,11,null,M,161062
1999,12,null,F,162833
1999,12,null,M,170787
2000,1,null,F,161288
2000,1,null,M,169225
2000,2,null,F,154694
2000,2,null,M,162997
2000,3,null,F,166124
2000,3,null,M,174808
2000,4,null,F,155038
2000,4,null,M,162495
2000,5,null,F,166443
2000,5,null,M,175161
2000,6,null,F,166358
2000,6,null,M,175247
2000,7,null,F,170327
2000,7,null,M,179102
2000,8,null,F,176508
2000,8,null,M,184030
2000,9,null,F,170411
2000,9,null,M,177693
2000,10,null,F,168039
2000,10,null,M,176350
2000,11,null,F,164086
2000,11,null,M,170206
2000,12,null,F,164939
2000,12,null,M,172254
2001,1,null,F,164404
2001,1,null,M,171208
2001,2,null,F,148640
2001,2,null,M,155259
2001,3,null,F,165359
2001,3,null,M,173729
2001,4,null,F,158235
2001,4,null,M,165804
2001,5,null,F,167878
2001,5,null,M,176615
2001,6,null,F,161947
2001,6,null,M,169590
2001,7,null,F,172082
2001,7,null,M,179504
2001,8,null,F,177031
2001,8,null,M,185351
2001,9,null,F,167748
2001,9,null,M,175338
2001,10,null,F,168515
2001,10,null,M,176084
2001,11,null,F,158581
2001,11,null,M,165633
2001,12,null,F,160350
2001,12,null,M,166646
2002,1,null,F,161477
2002,1,null,M,169612
2002,2,null,F,148745
2002,2,null,M,155627
2002,3,null,F,162351
2002,3,null,M,169543
2002,4,null,F,158674
2002,4,null,M,166175
2002,5,null,F,165530
2002,5,null,M,173925
2002,6,null,F,159792
2002,6,null,M,168261
2002,7,null,F,175085
2002,7,null,M,183135
2002,8,null,F,175501
2002,8,null,M,184444
2002,9,null,F,170451
2002,9,null,M,178945
2002,10,null,F,169482
2002,10,null,M,176842
2002,11,null,F,155849
2002,11,null,M,163200
2002,12,null,F,163582
2002,12,null,M,171148
2003,1,null,F,161200
2003,1,null,M,169104
2003,2,null,F,150278
2003,2,null,M,157384
2003,3,null,F,164318
2003,3,null,M,173100
2003,4,null,F,161431
2003,4,null,M,169158
2003,5,null,F,169450
2003,5,null,M,177775
2003,6,null,F,164323
2003,6,null,M,173621
2003,7,null,F,177755
2003,7,null,M,187045
2003,8,null,F,175697
2003,8,null,M,184986
2003,9,null,F,176270
2003,9,null,M,183928
2003,10,null,F,173659
2003,10,null,M,180924
2003,11,null,F,156860
2003,11,null,M,163757
2003,12,null,F,168146
2003,12,null,M,175923
2004,1,null,F,162630
2004,1,null,M,170778
2004,2,null,F,154712
2004,2,null,M,161598
2004,3,null,F,168958
2004,3,null,M,177896
2004,4,null,F,162918
2004,4,null,M,170940
2004,5,null,F,164266
2004,5,null,M,173902
2004,6,null,F,169006
2004,6,null,M,176392
2004,7,null,F,175457
2004,7,null,M,184593
2004,8,null,F,173980
2004,8,null,M,182095
2004,9,null,F,173996
2004,9,null,M,182707
2004,10,null,F,170816
2004,10,null,M,178294
2004,11,null,F,164364
2004,11,null,M,171945
2004,12,null,F,169607
2004,12,null,M,177057
2005,1,null,F,162360
2005,1,null,M,169670
2005,2,null,F,151342
2005,2,null,M,158754
2005,3,null,F,170000
2005,3,null,M,179881
2005,4,null,F,161982
2005,4,null,M,171045
2005,5,null,F,168949
2005,5,null,M,177881
2005,6,null,F,171467
2005,6,null,M,179979
2005,7,null,F,174639
2005,7,null,M,183061
2005,8,null,F,180446
2005,8,null,M,189599
2005,9,null,F,177973
2005,9,null,M,186141
2005,10,null,F,168795
2005,10,null,M,176498
2005,11,null,F,164606
2005,11,null,M,171703
2005,12,null,F,170333
2005,12,null,M,178515
2006,1,null,F,166706
2006,1,null,M,174193
2006,2,null,F,156281
2006,2,null,M,163564
2006,3,null,F,173924
2006,3,null,M,183436
2006,4,null,F,161054
2006,4,null,M,169341
2006,5,null,F,173374
2006,5,null,M,182689
2006,6,null,F,175037
2006,6,null,M,183860
2006,7,null,F,179507
2006,7,null,M,189126
2006,8,null,F,189539
2006,8,null,M,198942
2006,9,null,F,183523
2006,9,null,M,191866
2006,10,null,F,179938
2006,10,null,M,188122
2006,11,null,F,171819
2006,11,null,M,180670
2006,12,null,F,174255
2006,12,null,M,182459
2007,1,null,F,173771
2007,1,null,M,181789
2007,2,null,F,159887
2007,2,null,M,167507
2007,3,null,F,176426
2007,3,null,M,184984
2007,4,null,F,165121
2007,4,null,M,173674
2007,5,null,F,176902
2007,5,null,M,186016
2007,6,null,F,174757
2007,6,null,M,184468
2007,7,null,F,185221
2007,7,null,M,195135
2007,8,null,F,191495
2007,8,null,M,199622
2007,9,null,F,180098
2007,9,null,M,187526
2007,10,null,F,180912
2007,10,null,M,189157
2007,11,null,F,173513
2007,11,null,M,180814
2007,12,null,F,173787
2007,12,null,M,181426
2008,1,null,F,174255
2008,1,null,M,182789
2008,2,null,F,165669
2008,2,null,M,173434
2008,3,null,F,172053
2008,3,null,M,179129
2008,4,null,F,169585
2008,4,null,M,177399
2008,5,null,F,173141
2008,5,null,M,182294
2008,6,null,F,169958
2008,6,null,M,179267
2008,7,null,F,183391
2008,7,null,M,192714
2008,8,null,F,182713
2008,8,null,M,191315
2008,9,null,F,179696
2008,9,null,M,188964
2008,10,null,F,175314
2008,10,null,M,183219
2008,11,null,F,158939
2008,11,null,M,165468
2008,12,null,F,173215
2008,12,null,M,181235
